<?xml version="1.0" encoding="UTF-8"?>
<!--
 ~ Hibernate OGM, Domain model persistence for NoSQL datastores
 ~
 ~ License: GNU Lesser General Public License (LGPL), version 2.1 or later
 ~ See the lgpl.txt file in the root directory or <http://www.gnu.org/licenses/lgpl-2.1.html>.
  -->
<module xmlns="urn:jboss:module:1.1" name="org.hibernate.ogm.ehcache" slot="5.0">
    <resources>
        <resource-root path="hibernate-ogm-ehcache-5.0.4.Final.jar" />
        <resource-root path="ehcache-core-2.6.9.jar" />
    </resources>
    <dependencies>
        <module name="org.hibernate.ogm" slot="5.0" />
        <module name="org.hibernate.hql" slot="1.3.0.Final" />

        <module name="javax.api" />
        <module name="javax.persistence.api" />
        <module name="javax.transaction.api" />
        <module name="org.jboss.logging" />
        <module name="org.slf4j" />
    </dependencies>
</module>
