<?xml version="1.0" encoding="UTF-8"?>
<!--
 ~ Hibernate OGM, Domain model persistence for NoSQL datastores
 ~
 ~ License: GNU Lesser General Public License (LGPL), version 2.1 or later
 ~ See the lgpl.txt file in the root directory or <http://www.gnu.org/licenses/lgpl-2.1.html>.
  -->
<module xmlns="urn:jboss:module:1.1" name="org.hibernate.ogm" slot="5.0">
    <resources>
        <resource-root path="hibernate-ogm-core-5.0.4.Final.jar" />
    </resources>
    <dependencies>
        <module name="org.hibernate" export="true" />
        <module name="org.hibernate.commons-annotations" />
        <module name="org.hibernate.hql" slot="1.3.0.Final" />
        <module name="org.hibernate.search.orm" slot="main" optional="true" />

        <module name="javax.persistence.api" />
        <module name="javax.transaction.api" />
        <module name="org.jboss.logging" />

        <module name="org.hibernate.ogm.jipijapa" slot="5.0.4.Final" services="import" />

        <!-- Needed for Iso8601StringDateType -->
        <module name="javax.xml.bind.api"/>
    </dependencies>
</module>
