<?xml version="1.0" encoding="UTF-8"?>
<!--
 ~ Hibernate OGM, Domain model persistence for NoSQL datastores
 ~
 ~ License: GNU Lesser General Public License (LGPL), version 2.1 or later
 ~ See the lgpl.txt file in the root directory or <http://www.gnu.org/licenses/lgpl-2.1.html>.
  -->
<module xmlns="urn:jboss:module:1.1" name="org.hibernate.ogm.redis.driver" slot="5.0">
    <properties>
        <property name="jboss.api" value="private"/>
    </properties>
    <resources>
        <resource-root path="lettuce-4.1.Final.jar" />
        <resource-root path="rxjava-1.1.0.jar" />
        <resource-root path="LatencyUtils-2.0.3.jar" />
        <resource-root path="HdrHistogram-2.1.8.jar" />
        <resource-root path="commons-pool2-2.4.2.jar" />
    </resources>
    <dependencies>

        <module name="io.netty" />

        <!-- A dependency for netty -->
        <module name="org.slf4j" />

        <!-- The driver needs to access sun.misc.Unsafe ...-->
        <module name="sun.jdk" />

        <!-- ... and to management API -->
        <module name="javax.api" />

        <!-- use Guava from WildFly, that's nice, because WF9 ships with Guava 18 -->
        <module name="com.google.guava" />
    </dependencies>
</module>
